<?xml version="1.0" encoding="UTF-8"?><corpus xmlns="http://semweb.unister.de/xml-corpus-schema-2013">
<Document id="0">
<TextWithNamedEntities><SimpleTextPart>While </SimpleTextPart><NamedEntityInText uri="http://dbpedia.org/resource/Apple_Inc.">Apple</NamedEntityInText><SimpleTextPart> is an electronics company, </SimpleTextPart><NamedEntityInText uri="http://dbpedia.org/resource/Mango_(clothing)">Mango</NamedEntityInText><SimpleTextPart> is a clothing one and </SimpleTextPart><NamedEntityInText uri="http://dbpedia.org/resource/Orange_(telecommunications)">Orange</NamedEntityInText><SimpleTextPart> is a communication one.</SimpleTextPart></TextWithNamedEntities>
</Document>
<Document id="1">
<TextWithNamedEntities><NamedEntityInText uri="http://dbpedia.org/resource/David_Beckham">David</NamedEntityInText><SimpleTextPart> and </SimpleTextPart><NamedEntityInText uri="http://dbpedia.org/resource/Victoria_Beckham">Victoria</NamedEntityInText><SimpleTextPart> named their children Brooklyn, Romeo, Cruz, and Harper Seven.</SimpleTextPart></TextWithNamedEntities>
</Document>
<Document id="2">
<TextWithNamedEntities><SimpleTextPart>The Enola Gay bombed </SimpleTextPart><NamedEntityInText uri="http://dbpedia.org/resource/Hiroshima">Hiroshima</NamedEntityInText><SimpleTextPart> at the end of Second World War.﻿</SimpleTextPart></TextWithNamedEntities>
</Document>
<Document id="3">
<TextWithNamedEntities><NamedEntityInText uri="http://dbpedia.org/resource/Steve_Jobs">Steve</NamedEntityInText><SimpleTextPart>, </SimpleTextPart><NamedEntityInText uri="http://dbpedia.org/resource/Bill_Gates">Bill</NamedEntityInText><SimpleTextPart>, </SimpleTextPart><NamedEntityInText uri="http://dbpedia.org/resource/Sergey_Brin">Sergey</NamedEntityInText><SimpleTextPart>, and </SimpleTextPart><NamedEntityInText uri="http://dbpedia.org/resource/Larry_Page">Larry</NamedEntityInText><SimpleTextPart> have drawn a great deal of admiration these days for their pioneering successes that changed the world we live in.</SimpleTextPart></TextWithNamedEntities>
</Document>
<Document id="4">
<TextWithNamedEntities><NamedEntityInText uri="http://dbpedia.org/resource/Rudi_Völler">Völler </NamedEntityInText><SimpleTextPart>will never forget the match against O</SimpleTextPart><NamedEntityInText uri="http://dbpedia.org/resource/Netherlands_national_football_team">ranje </NamedEntityInText><SimpleTextPart>in S</SimpleTextPart><NamedEntityInText uri="http://dbpedia.org/resource/San_Siro">an Siro.</NamedEntityInText><SimpleTextPart></SimpleTextPart></TextWithNamedEntities>
</Document>
<Document id="5">
<TextWithNamedEntities><NamedEntityInText uri="http://dbpedia.org/resource/David_Beckham">David</NamedEntityInText><SimpleTextPart> and </SimpleTextPart><NamedEntityInText uri="http://dbpedia.org/resource/Victoria_Beckham">Victoria</NamedEntityInText><SimpleTextPart> added spice to their marriage.</SimpleTextPart></TextWithNamedEntities>
</Document>
<Document id="6">
<TextWithNamedEntities><NamedEntityInText uri="http://dbpedia.org/resource/Richard_Nixon">Nixon</NamedEntityInText><SimpleTextPart> resigned after Watergate despite his success in the Ping-Pong Diplomacy with China.</SimpleTextPart></TextWithNamedEntities>
</Document>
<Document id="7">
<TextWithNamedEntities><NamedEntityInText uri="http://dbpedia.org/resource/Karl_Albrecht">Karl</NamedEntityInText><SimpleTextPart> and </SimpleTextPart><NamedEntityInText uri="http://dbpedia.org/resource/Theo_Albrecht">Theo</NamedEntityInText><SimpleTextPart> made their extreme fortunes selling low-price groceries.</SimpleTextPart></TextWithNamedEntities>
</Document>
<Document id="8">
<TextWithNamedEntities><SimpleTextPart>Mars, Galaxy, and Bounty are all chocolate.</SimpleTextPart></TextWithNamedEntities>
</Document>
<Document id="9">
<TextWithNamedEntities><NamedEntityInText uri="http://dbpedia.org/resource/Norbert_Haug">Haug</NamedEntityInText><SimpleTextPart> congratulated </SimpleTextPart><NamedEntityInText uri="http://dbpedia.org/resource/FC_Red_Bull_Salzburg">Red Bull</NamedEntityInText><SimpleTextPart>.</SimpleTextPart></TextWithNamedEntities>
</Document>
<Document id="10">
<TextWithNamedEntities><NamedEntityInText uri="http://dbpedia.org/resource/Angelina_Jolie">Angelina</NamedEntityInText><SimpleTextPart>, her father </SimpleTextPart><NamedEntityInText uri="http://dbpedia.org/resource/Jon_Voight">Jon</NamedEntityInText><SimpleTextPart>, and her partner </SimpleTextPart><NamedEntityInText uri="http://dbpedia.org/resource/Brad_Pitt">Brad</NamedEntityInText><SimpleTextPart> never played together in the same movie.</SimpleTextPart></TextWithNamedEntities>
</Document>
<Document id="11">
<TextWithNamedEntities><NamedEntityInText uri="http://dbpedia.org/resource/Steve_Jobs">Jobs</NamedEntityInText><SimpleTextPart> and </SimpleTextPart><NamedEntityInText uri="http://dbpedia.org/resource/Joan_Baez">Baez</NamedEntityInText><SimpleTextPart> dated in the late 1970s, and she performed at his </SimpleTextPart><NamedEntityInText uri="http://dbpedia.org/resource/Stanford_University">Stanford</NamedEntityInText><SimpleTextPart> memorial.</SimpleTextPart></TextWithNamedEntities>
</Document>
<Document id="12">
<TextWithNamedEntities><NamedEntityInText uri="http://dbpedia.org/resource/Willi_Landgraf">Landgraf</NamedEntityInText><SimpleTextPart> and </SimpleTextPart><NamedEntityInText uri="http://dbpedia.org/resource/Erik_Meijer_(footballer)">Meijer</NamedEntityInText><SimpleTextPart> played at the </SimpleTextPart><NamedEntityInText uri="http://dbpedia.org/resource/New_Tivoli">Tivoli</NamedEntityInText><SimpleTextPart>.</SimpleTextPart></TextWithNamedEntities>
</Document>
<Document id="13">
<TextWithNamedEntities><NamedEntityInText uri="http://dbpedia.org/resource/Sam_Zell">Sam</NamedEntityInText><SimpleTextPart>, the co-founder of </SimpleTextPart><NamedEntityInText uri="http://dbpedia.org/resource/Equity_International">Equity International</NamedEntityInText><SimpleTextPart>, was given the nickname of &quot;the grave dancer&quot; because of his ability to buy businesses that others thought were dead.</SimpleTextPart></TextWithNamedEntities>
</Document>
<Document id="14">
<TextWithNamedEntities><NamedEntityInText uri="http://dbpedia.org/resource/Barack_Obama">Obama</NamedEntityInText><SimpleTextPart> welcomed </SimpleTextPart><NamedEntityInText uri="http://dbpedia.org/resource/Angela_Merkel">Merkel</NamedEntityInText><SimpleTextPart> upon her arrival at </SimpleTextPart><NamedEntityInText uri="http://dbpedia.org/resource/John_F._Kennedy_International_Airport">JFK</NamedEntityInText><SimpleTextPart>.</SimpleTextPart></TextWithNamedEntities>
</Document>
<Document id="15">
<TextWithNamedEntities><SimpleTextPart>Three of the greatest guitarists started their career in a single band : </SimpleTextPart><NamedEntityInText uri="http://dbpedia.org/resource/Eric_Clapton">Clapton</NamedEntityInText><SimpleTextPart>, </SimpleTextPart><NamedEntityInText uri="http://dbpedia.org/resource/Jeff_Beck">Beck</NamedEntityInText><SimpleTextPart>, and </SimpleTextPart><NamedEntityInText uri="http://dbpedia.org/resource/Jimmy_Page">Page</NamedEntityInText><SimpleTextPart>.</SimpleTextPart></TextWithNamedEntities>
</Document>
<Document id="16">
<TextWithNamedEntities><SimpleTextPart>In 1980, </SimpleTextPart><NamedEntityInText uri="http://dbpedia.org/resource/Steve_Ballmer">Steve</NamedEntityInText><SimpleTextPart> dropped out of </SimpleTextPart><NamedEntityInText uri="http://dbpedia.org/resource/Stanford_University">Stanford</NamedEntityInText><SimpleTextPart> to join </SimpleTextPart><NamedEntityInText uri="http://dbpedia.org/resource/Microsoft">Microsoft</NamedEntityInText><SimpleTextPart>, the company behind the Windows operating system.</SimpleTextPart></TextWithNamedEntities>
</Document>
<Document id="17">
<TextWithNamedEntities><NamedEntityInText uri="http://dbpedia.org/resource/Paris_Hilton">Paris</NamedEntityInText><SimpleTextPart> and </SimpleTextPart><NamedEntityInText uri="http://dbpedia.org/resource/Kim_Kardashian">Kim</NamedEntityInText><SimpleTextPart> are both wealthy It Girls who had sex tapes on the Internet.</SimpleTextPart></TextWithNamedEntities>
</Document>
<Document id="18">
<TextWithNamedEntities><NamedEntityInText uri="http://dbpedia.org/resource/Neil_Armstrong">Armstrong</NamedEntityInText><SimpleTextPart> was the first man on the Moon.</SimpleTextPart></TextWithNamedEntities>
</Document>
<Document id="19">
<TextWithNamedEntities><SimpleTextPart>After the death of </SimpleTextPart><NamedEntityInText uri="http://dbpedia.org/resource/Steve_Jobs">Steve</NamedEntityInText><SimpleTextPart>, the former CEO of </SimpleTextPart><NamedEntityInText uri="http://dbpedia.org/resource/Apple_Inc.">Apple</NamedEntityInText><SimpleTextPart>, his commencement speech at </SimpleTextPart><NamedEntityInText uri="http://dbpedia.org/resource/Stanford_University">Stanford</NamedEntityInText><SimpleTextPart> was watched thousands of times.</SimpleTextPart></TextWithNamedEntities>
</Document>
<Document id="20">
<TextWithNamedEntities><NamedEntityInText uri="http://dbpedia.org/resource/Manchester_City_F.C.">City</NamedEntityInText><SimpleTextPart> won 3:2 against the </SimpleTextPart><NamedEntityInText uri="http://dbpedia.org/resource/Tottenham_Hotspur_F.C.">Spurs</NamedEntityInText><SimpleTextPart>.</SimpleTextPart></TextWithNamedEntities>
</Document>
<Document id="21">
<TextWithNamedEntities><NamedEntityInText uri="http://dbpedia.org/resource/Heidi_Klum">Heidi</NamedEntityInText><SimpleTextPart> and her husband </SimpleTextPart><NamedEntityInText uri="http://dbpedia.org/resource/Seal_(musician)">Seal</NamedEntityInText><SimpleTextPart> live in Vegas.</SimpleTextPart></TextWithNamedEntities>
</Document>
<Document id="22">
<TextWithNamedEntities><NamedEntityInText uri="http://dbpedia.org/resource/Tiger_Woods">Tiger</NamedEntityInText><SimpleTextPart> was lost in the woods when he got divorced from </SimpleTextPart><NamedEntityInText uri="http://dbpedia.org/resource/Elin_Nordegren">Elin</NamedEntityInText><SimpleTextPart>.</SimpleTextPart></TextWithNamedEntities>
</Document>
<Document id="23">
<TextWithNamedEntities><SimpleTextPart>Cairo was the code name for a project at </SimpleTextPart><NamedEntityInText uri="http://dbpedia.org/resource/Microsoft">Microsoft</NamedEntityInText><SimpleTextPart> from 1991 to 1996. Its charter was to build technologies for a next generation operating system that would fulfill the vision of </SimpleTextPart><NamedEntityInText uri="http://dbpedia.org/resource/Bill_Gates">Bill</NamedEntityInText><SimpleTextPart>.</SimpleTextPart></TextWithNamedEntities>
</Document>
<Document id="24">
<TextWithNamedEntities><NamedEntityInText uri="http://dbpedia.org/resource/Robert_Bosch_GmbH">Bosch</NamedEntityInText><SimpleTextPart> and </SimpleTextPart><NamedEntityInText uri="http://dbpedia.org/resource/Sharp_Corporation">Sharp</NamedEntityInText><SimpleTextPart> are both home appliances producing companies.</SimpleTextPart></TextWithNamedEntities>
</Document>
<Document id="25">
<TextWithNamedEntities><SimpleTextPart>Despite featuring some of the most promininent musicians of their decade --- like </SimpleTextPart><NamedEntityInText uri="http://dbpedia.org/resource/Frank_Sinatra">Sinatra</NamedEntityInText><SimpleTextPart>, </SimpleTextPart><NamedEntityInText uri="http://dbpedia.org/resource/Bob_Dylan">Dylan</NamedEntityInText><SimpleTextPart>, </SimpleTextPart><NamedEntityInText uri="http://dbpedia.org/resource/Billy_Joel">Joel</NamedEntityInText><SimpleTextPart>, and </SimpleTextPart><NamedEntityInText uri="http://dbpedia.org/resource/Carlos_Santana">Santana</NamedEntityInText><SimpleTextPart> --- </SimpleTextPart><NamedEntityInText uri="http://dbpedia.org/resource/Columbia_Records">Columbia</NamedEntityInText><SimpleTextPart> was aquired by </SimpleTextPart><NamedEntityInText uri="http://dbpedia.org/resource/Sony_Music_Entertainment">Sony</NamedEntityInText><SimpleTextPart> in the 1980s.</SimpleTextPart></TextWithNamedEntities>
</Document>
<Document id="26">
<TextWithNamedEntities><NamedEntityInText uri="http://dbpedia.org/resource/John_P._Kennedy">Kenne</NamedEntityInText><SimpleTextPart>dy was also an active politician, yet he is most known for his writings, some of which he published under the name of Mark Littleton.</SimpleTextPart></TextWithNamedEntities>
</Document>
<Document id="27">
<TextWithNamedEntities><NamedEntityInText uri="http://dbpedia.org/resource/Paul_Allen">Allen</NamedEntityInText><SimpleTextPart> founded the EMP in </SimpleTextPart><NamedEntityInText uri="http://dbpedia.org/resource/Seattle">Seattle</NamedEntityInText><SimpleTextPart>, which featured exhibitions about </SimpleTextPart><NamedEntityInText uri="http://dbpedia.org/resource/Jimi_Hendrix">Hendrix</NamedEntityInText><SimpleTextPart> and </SimpleTextPart><NamedEntityInText uri="http://dbpedia.org/resource/Bob_Dylan">Dylan</NamedEntityInText><SimpleTextPart>, but also about various science fiction movies.</SimpleTextPart></TextWithNamedEntities>
</Document>
<Document id="28">
<TextWithNamedEntities><NamedEntityInText uri="http://dbpedia.org/resource/Justin_Bieber">Justin</NamedEntityInText><SimpleTextPart>, Stefani, and Kate are among the most popular people on both </SimpleTextPart><NamedEntityInText uri="http://dbpedia.org/resource/MTV">MTV</NamedEntityInText><SimpleTextPart> and </SimpleTextPart><NamedEntityInText uri="http://dbpedia.org/resource/Twitter">Twitter</NamedEntityInText><SimpleTextPart>.</SimpleTextPart></TextWithNamedEntities>
</Document>
<Document id="29">
<TextWithNamedEntities><NamedEntityInText uri="http://dbpedia.org/resource/Erich_Honecker">Erich</NamedEntityInText><SimpleTextPart> was born in </SimpleTextPart><NamedEntityInText uri="http://dbpedia.org/resource/Neunkirchen,_Saarland">Neunkirchen</NamedEntityInText><SimpleTextPart>.</SimpleTextPart></TextWithNamedEntities>
</Document>
<Document id="30">
<TextWithNamedEntities><SimpleTextPart>The RAF was a terrorist group led by </SimpleTextPart><NamedEntityInText uri="http://dbpedia.org/resource/Andreas_Baader">Baader</NamedEntityInText><SimpleTextPart> and </SimpleTextPart><NamedEntityInText uri="http://dbpedia.org/resource/Ulrike_Meinhof">Meinhof</NamedEntityInText><SimpleTextPart> that killed Schleyer.﻿</SimpleTextPart></TextWithNamedEntities>
</Document>
<Document id="31">
<TextWithNamedEntities><NamedEntityInText uri="http://dbpedia.org/resource/Jacqueline_Kennedy_Onassis">Onassis</NamedEntityInText><SimpleTextPart> married </SimpleTextPart><NamedEntityInText uri="http://dbpedia.org/resource/John_F._Kennedy">Kennedy</NamedEntityInText><SimpleTextPart> on October 20, 1968.</SimpleTextPart></TextWithNamedEntities>
</Document>
<Document id="32">
<TextWithNamedEntities><NamedEntityInText uri="http://dbpedia.org/resource/Atlético_Madrid">Atletico</NamedEntityInText><SimpleTextPart> has beaten its archrival </SimpleTextPart><NamedEntityInText uri="http://dbpedia.org/resource/Real_Madrid_C.F.">Real</NamedEntityInText><SimpleTextPart>.</SimpleTextPart></TextWithNamedEntities>
</Document>
<Document id="33">
<TextWithNamedEntities><NamedEntityInText uri="http://dbpedia.org/resource/Madonna_(entertainer)">Madonna</NamedEntityInText><SimpleTextPart> played </SimpleTextPart><NamedEntityInText uri="http://dbpedia.org/resource/Eva_Perón">Eva</NamedEntityInText><SimpleTextPart> and was seen with </SimpleTextPart><NamedEntityInText uri="http://dbpedia.org/resource/Carlos_Leon">Carlos</NamedEntityInText><SimpleTextPart>.</SimpleTextPart></TextWithNamedEntities>
</Document>
<Document id="34">
<TextWithNamedEntities><NamedEntityInText uri="http://dbpedia.org/resource/Pixar">Pixar</NamedEntityInText><SimpleTextPart> produced Cars, and </SimpleTextPart><NamedEntityInText uri="http://dbpedia.org/resource/John_Lasseter">John</NamedEntityInText><SimpleTextPart> directed it.</SimpleTextPart></TextWithNamedEntities>
</Document>
<Document id="35">
<TextWithNamedEntities><SimpleTextPart>Thomas and Mario are strikers playing in </SimpleTextPart><NamedEntityInText uri="http://dbpedia.org/resource/FC_Bayern_Munich">Munich</NamedEntityInText><SimpleTextPart>.</SimpleTextPart></TextWithNamedEntities>
</Document>
<Document id="36">
<TextWithNamedEntities><SimpleTextPart>The Isle of Wight festival in 1970 was the biggest at its time, surpassing Woodstock with acts like Davis, </SimpleTextPart><NamedEntityInText uri="http://dbpedia.org/resource/Chicago_(band)">Chicago</NamedEntityInText><SimpleTextPart>, and </SimpleTextPart><NamedEntityInText uri="http://dbpedia.org/resource/Joni_Mitchell">Mitchell</NamedEntityInText><SimpleTextPart>.</SimpleTextPart></TextWithNamedEntities>
</Document>
<Document id="37">
<TextWithNamedEntities><SimpleTextPart>After unsuccessful years, aging country star </SimpleTextPart><NamedEntityInText uri="http://dbpedia.org/resource/Johnny_Cash">Cash</NamedEntityInText><SimpleTextPart> made a grandiose comeback with his American Recordings, recorded at his home with the help of </SimpleTextPart><NamedEntityInText uri="http://dbpedia.org/resource/Rick_Rubin">Rubin</NamedEntityInText><SimpleTextPart>.</SimpleTextPart></TextWithNamedEntities>
</Document>
<Document id="38">
<TextWithNamedEntities><NamedEntityInText uri="http://dbpedia.org/resource/Eric_Clapton">Eric</NamedEntityInText><SimpleTextPart> preferred to play Blues instead of Rock, so he joined </SimpleTextPart><NamedEntityInText uri="http://dbpedia.org/resource/John_Mayall">Mayall</NamedEntityInText><SimpleTextPart> &apos;s band.</SimpleTextPart></TextWithNamedEntities>
</Document>
<Document id="39">
<TextWithNamedEntities><NamedEntityInText uri="http://dbpedia.org/resource/Hertha_BSC">Hertha</NamedEntityInText><SimpleTextPart> won against </SimpleTextPart><NamedEntityInText uri="http://dbpedia.org/resource/Borussia_Dortmund">Dortmund</NamedEntityInText><SimpleTextPart>.</SimpleTextPart></TextWithNamedEntities>
</Document>
<Document id="40">
<TextWithNamedEntities><SimpleTextPart>In this musical, </SimpleTextPart><NamedEntityInText uri="http://dbpedia.org/resource/Madonna_(entertainer)">Madonna</NamedEntityInText><SimpleTextPart> played the role of the First Lady.</SimpleTextPart></TextWithNamedEntities>
</Document>
<Document id="41">
<TextWithNamedEntities><SimpleTextPart>The </SimpleTextPart><NamedEntityInText uri="http://dbpedia.org/resource/Arsenal_F.C.">Gunners</NamedEntityInText><SimpleTextPart> now play their home matches at the </SimpleTextPart><NamedEntityInText uri="http://dbpedia.org/resource/Emirates_Stadium">Emirates</NamedEntityInText><SimpleTextPart>.</SimpleTextPart></TextWithNamedEntities>
</Document>
<Document id="42">
<TextWithNamedEntities><NamedEntityInText uri="http://dbpedia.org/resource/Reinhold_Yabo">Yabo</NamedEntityInText><SimpleTextPart> plays for </SimpleTextPart><NamedEntityInText uri="http://dbpedia.org/resource/Alemannia_Aachen">Aachen</NamedEntityInText><SimpleTextPart>.</SimpleTextPart></TextWithNamedEntities>
</Document>
<Document id="43">
<TextWithNamedEntities><NamedEntityInText uri="http://dbpedia.org/resource/Bob_Dylan">Dylan</NamedEntityInText><SimpleTextPart> performed Hurricane about the black fighter </SimpleTextPart><NamedEntityInText uri="http://dbpedia.org/resource/Rubin_Carter">Carter</NamedEntityInText><SimpleTextPart>, from his album Desire.</SimpleTextPart></TextWithNamedEntities>
</Document>
<Document id="44">
<TextWithNamedEntities><NamedEntityInText uri="http://dbpedia.org/resource/The_Sun_(United_Kingdom)">The Sun</NamedEntityInText><SimpleTextPart> and </SimpleTextPart><NamedEntityInText uri="http://dbpedia.org/resource/The_Times">The Times</NamedEntityInText><SimpleTextPart> reported that </SimpleTextPart><NamedEntityInText uri="http://dbpedia.org/resource/Greece">Greece</NamedEntityInText><SimpleTextPart> will have to leave the Euro soon.</SimpleTextPart></TextWithNamedEntities>
</Document>
<Document id="45">
<TextWithNamedEntities><SimpleTextPart>Desire contains a duet with </SimpleTextPart><NamedEntityInText uri="http://dbpedia.org/resource/Emmylou_Harris">Harris</NamedEntityInText><SimpleTextPart> in the song Joey.</SimpleTextPart></TextWithNamedEntities>
</Document>
<Document id="46">
<TextWithNamedEntities><NamedEntityInText uri="http://dbpedia.org/resource/Tiger_Woods">Tiger</NamedEntityInText><SimpleTextPart> lost the US Open.</SimpleTextPart></TextWithNamedEntities>
</Document>
<Document id="47">
<TextWithNamedEntities><SimpleTextPart>The group formed by </SimpleTextPart><NamedEntityInText uri="http://dbpedia.org/resource/Josh_Homme">Homme</NamedEntityInText><SimpleTextPart>, </SimpleTextPart><NamedEntityInText uri="http://dbpedia.org/resource/Dave_Grohl">Grohl</NamedEntityInText><SimpleTextPart>, and </SimpleTextPart><NamedEntityInText uri="http://dbpedia.org/resource/John_Paul_Jones_(musician)">Jones</NamedEntityInText><SimpleTextPart> was supposed to be named Caligula, but the name was already taken.</SimpleTextPart></TextWithNamedEntities>
</Document>
<Document id="48">
<TextWithNamedEntities><SimpleTextPart>Müller scored a hattrick against E</SimpleTextPart><NamedEntityInText uri="http://dbpedia.org/resource/England_national_football_team">ngland.</NamedEntityInText><SimpleTextPart></SimpleTextPart></TextWithNamedEntities>
</Document>
<Document id="49">
<TextWithNamedEntities><NamedEntityInText uri="http://dbpedia.org/resource/Macedonia_(Greece)">Macedonia</NamedEntityInText><SimpleTextPart> is a province of </SimpleTextPart><NamedEntityInText uri="http://dbpedia.org/resource/Greece">Greece</NamedEntityInText><SimpleTextPart>.</SimpleTextPart></TextWithNamedEntities>
</Document>
</corpus>